[
  {
    "questionType": "additions",
    "question": "2+4+8",
    "detail": "Add all the numbers",
    "hint": [
      "Add first to second",
      "Add second to third"
    ],
    "steps": [
      "2+4",
      "6+8"
    ],
    "results": [
      "6",
      "14"
    ]
  },
  {
    "questionType": "additions",
    "question": "18+9+3",
    "detail": "Add all the numbers",
    "hint": [
      "Add first to second",
      "Add second to third"
    ],
    "steps": [
      "18+9",
      "27+3"
    ],
    "results": [
      "27",
      "30"
    ]
  },
  {
    "questionType": "additions",
    "question": "4+2+6",
    "detail": "Add all the numbers",
    "hint": [
      "Add first to second",
      "Add second to third"
    ],
    "steps": [
      "4+2",
      "6+6"
    ],
    "results": [
      "6",
      "12"
    ]
  },
  {
    "questionType": "additions",
    "question": "19+3+1",
    "detail": "Add all the numbers",
    "hint": [
      "Add first to second",
      "Add second to third"
    ],
    "steps": [
      "19+3",
      "22+1"
    ],
    "results": [
      "22",
      "23"
    ]
  },
  {
    "questionType": "subtraction",
    "question": "20-16-2",
    "detail": "Subtract all the numbers",
    "hint": [
      "Subtract first to second",
      "Subtract second to third"
    ],
    "steps": [
      "20-16",
      "4-2"
    ],
    "results": [
      "4",
      "2"
    ]
  },
  {
    "questionType": "subtraction",
    "question": "13-4-7",
    "detail": "Subtract all the numbers",
    "hint": [
      "Subtract first to second",
      "Subtract second to third"
    ],
    "steps": [
      "13-4",
      "9-7"
    ],
    "results": [
      "9",
      "2"
    ]
  },
  {
    "questionType": "subtraction",
    "question": "16-16-20",
    "detail": "Subtract all the numbers",
    "hint": [
      "Subtract first to second",
      "Subtract second to third"
    ],
    "steps": [
      "16-16",
      "0-20"
    ],
    "results": [
      "0",
      "-20"
    ]
  },
  {
    "questionType": "subtraction",
    "question": "12-4-1",
    "detail": "Subtract all the numbers",
    "hint": [
      "Subtract first to second",
      "Subtract second to third"
    ],
    "steps": [
      "12-4",
      "8-1"
    ],
    "results": [
      "8",
      "7"
    ]
  },
  {
    "questionType": "division",
    "question": "10/2/5",
    "detail": "Divide all the numbers",
    "hint": [
      "Divide first to second",
      "Divide second to third"
    ],
    "steps": [
      "10/2",
      "5/5"
    ],
    "results": [
      "5",
      "1"
    ]
  },
  {
    "questionType": "division",
    "question": "20/2/4",
    "detail": "Divide all the numbers",
    "hint": [
      "Divide first to second",
      "Divide second to third"
    ],
    "steps": [
      "20/2",
      "10/4"
    ],
    "results": [
      "10",
      "2.5"
    ]
  },
  {
    "questionType": "division",
    "question": "4/2/1",
    "detail": "Divide all the numbers",
    "hint": [
      "Divide first to second",
      "Divide second to third"
    ],
    "steps": [
      "4/2",
      "2/1"
    ],
    "results": [
      "2",
      "1"
    ]
  },
  {
    "questionType": "division",
    "question": "0/12/6",
    "detail": "Divide all the numbers",
    "hint": [
      "Divide first to second",
      "Divide second to third"
    ],
    "steps": [
      "0/12",
      "0/6"
    ],
    "results": [
      "0",
      "0"
    ]
  },
  {
    "questionType": "multiplication",
    "question": "12*7*6",
    "detail": "Multiply all the numbers",
    "hint": [
      "Multiply first to second",
      "Multiply second to third"
    ],
    "steps": [
      "12*7",
      "84*6"
    ],
    "results": [
      "84",
      "504"
    ]
  },
  {
    "questionType": "multiplication",
    "question": "15*7*3",
    "detail": "Multiply all the numbers",
    "hint": [
      "Multiply first to second",
      "Multiply second to third"
    ],
    "steps": [
      "15*7",
      "105*3"
    ],
    "results": [
      "105",
      "315"
    ]
  },
  {
    "questionType": "multiplication",
    "question": "1*2*1",
    "detail": "Multiply all the numbers",
    "hint": [
      "Multiply first to second",
      "Multiply second to third"
    ],
    "steps": [
      "1*2",
      "2*1"
    ],
    "results": [
      "2",
      "2"
    ]
  },
  {
    "questionType": "multiplication",
    "question": "5*2*5",
    "detail": "Multiply all the numbers",
    "hint": [
      "Multiply first to second",
      "Multiply second to third"
    ],
    "steps": [
      "5*2",
      "10*5"
    ],
    "results": [
      "10",
      "50"
    ]
  },
  {
    "questionType": "mix",
    "question": "2*21/3+4-1",
    "detail": "Apply DBMS rule",
    "hint": [
      "Divide the two numbers",
      "Multiply the answer with the new value",
      "Add the result",
      "Subtract the result"
    ],
    "steps": [
      "21/3",
      "2*7",
      "14+4",
      "18-1",
      "17"
    ],
    "results": [
      "7",
      "14",
      "18",
      "17"
    ]
  },
  {
    "questionType": "mix",
    "question": "5*45/5+9-6",
    "detail": "Apply DBMS rule",
    "hint": [
      "Divide the two numbers",
      "Multiply the answer with the new value",
      "Add the result",
      "Subtract the result"
    ],
    "steps": [
      "45/5",
      "5*9",
      "45+9",
      "54-6",
      "48"
    ],
    "results": [
      "9",
      "45",
      "54",
      "48"
    ]
  },
  {
    "questionType": "mix",
    "question": "(2+4)-(3*5)/(6-5)",
    "detail": "Apply DBMS rule",
    "hint": [
      "Solve the bracket values",
      "Add and subtract them",
      "Match the result"
    ],
    "steps": [
      "Apply DBMS and Solve bracket values 2+4, 3*5, 6-5",
      "Divide the two values",
      "Remaining is the answer"
    ],
    "results": [
      "(6)-(15)/(1)",
      "-9/1",
      "-9"
    ]
  },
  {
    "questionType": "mix",
    "question": "(3+4)-(7+2)",
    "detail": "Apply DBMS rule",
    "hint": [
      "Solve the bracket values",
      "Add and subtract them",
      "Match the result"
    ],
    "steps": [
      "Apply DBMS and Solve bracket values 3+4, 7+2",
      "Subtract the remaining 7 and 9",
      "Remaining is the answer"
    ],
    "results": [
      "7-9",
      "-2"
    ]
  },
  {
    "questionType": "mix",
    "question": "(15-4)*(3+7)",
    "detail": "Apply DBMS rule",
    "hint": [
      "Solve the bracket values",
      "Add and subtract them",
      "Match the result"
    ],
    "steps": [
      "Apply DBMS and Solve bracket values 15-4, 3+7",
      "Multiply the remaining 9 and 10",
      "Remaining is the answer"
    ],
    "results": [
      "9*10",
      "90"
    ]
  },
  {
    "questionType": "mix",
    "question": "(15*4)*(3/1)",
    "detail": "Apply DBMS rule",
    "hint": [
      "Solve the bracket values",
      "Add and subtract them",
      "Match the result"
    ],
    "steps": [
      "Apply DBMS and Solve bracket values 15*4, 3/7",
      "Add the remaining 60 and 3",
      "Remaining is the answer"
    ],
    "results": [
      "60+3",
      "63"
    ]
  },
  {
    "questionType": "quadratic",
    "question": "x²+2x-3=0",
    "detail": "Apply the quadratic formula",
    "hint": [
      "Find the multiple of first and last value with last common value",
      "Find a common value from the result",
      "Place both the values against other side of equal",
      "Take the numbers to the other side"
    ],
    "steps": [
      "Find the multiple of first x² and last value 3 leading up to the center value 2x and set them in two sets",
      "Now find the common values between the two sets of values between x2+3x-x-3",
      "Now by having x(x+3)-1(x+3)=0 separate the main two set of values",
      "Now put both (x-1) and (x+3) equals to zero and compute their values",
      "Sending the number values to the other side"
    ],
    "results": [
      "x²+3x-x-3",
      "x(x+3)-1(x+3)",
      "(x-1)(x+3)",
      "x-1,x+3"
    ]
  },
  {
    "questionType": "quadratic",
    "question": "x²+4x+1=0",
    "detail": "Apply the quadratic formula by completing square",
    "hint": [
      "Find the multiple of first and last value with last common value",
      "Find a common value from the result",
      "Place both the values against other side of equal",
      "Take the numbers to the other side"
    ],
    "steps": [
      "Add 4 on both sides to make a complete square",
      "Now take square root on both sides of x²+4x+4=-1+4",
      "Because 3 does not have a complete square root compute the value of x+2 = ±√3",
      "Now compute x+2 with both types of value of √3",
      "Send both the number values to the other side",
      "Don't worry the answer is in fractions"
    ],
    "results": [
      "x²+4x+4=-1+4",
      "√(x+2)²=√3",
      "x+2=±√3",
      "x+2=√3,x+2=-√3",
      "x=√3-2,x=-√3-2",
      "-0.27,-3.73"
    ]
  },
  {
    "questionType": "lcm",
    "question": "24,36",
    "detail": "Find the least common factor",
    "hint": [
      "Find the least common factor between the two values",
      "Divide both the value and place their remaining factor to the side",
      "Repeat the same step",
      "Multiply all the remainders together",
      "Check the answer"
    ],
    "steps": [
      "Divide 24 and 36 by 2",
      "Divide 12 and 18 by 2",
      "Divide 6 and 9 by 3",
      "Multiply all the divisor numbers and remaining values",
      "The remaining value is the answer"
    ],
    "results": [
      "12,18",
      "6,9",
      "2,3",
      "72"
    ]
  },
  {
    "questionType": "lcm",
    "question": "75,45",
    "detail": "Find the least common factor",
    "hint": [
      "Find the least common factor between the two values",
      "Divide both the value and place their remaining factor to the side",
      "Repeat the same step",
      "Multiply all the remainders together",
      "Check the answer"
    ],
    "steps": [
      "Divide 75 and 45 by 3",
      "Divide 25 and 15 by 5",
      "Multiply all the divisor numbers and remaining values",
      "The remaining value is the answer"
    ],
    "results": [
      "25,15",
      "5,3",
      "225"
    ]
  }
]